"","x"
"1",NA
"2",NA
"3",NA
"4",NA
"5",NA
"6",NA
"7",NA
"8",NA
"9",NA
"10",NA
"11",NA
"12",NA
"13",NA
"14",NA
"15",NA
"16",NA
"17",NA
"18",NA
"19",NA
"20",NA
"21",NA
"22",NA
"23",0.146572129585814
"24",68.1863337463333
"25",70.7180796351199
"26",58.51480399819
"27",9.84780163825812
"28",13.4805170657635
"29",66.0081921818365
"30",70.4254787058315
"31",70.861066026168
"32",62.5314832574216
"33",51.6440866077932
"34",57.2120534316524
"35",49.0679749481642
"36",10.2852425161951
"37",64.5422289415977
"38",65.2171854829551
"39",62.6550857264629
"40",0.0747872513275492
"41",62.8153387849467
"42",63.571878962018
"43",61.2916561221294
"44",67.3398704057281
"45",61.4172462260606
"46",50.8931070619788
"47",25.0485695837642
"48",43.2468840445819
"49",0.247382093426884
"50",52.2750816636633
"51",68.7791004011117
"52",52.7578976928482
"53",50.7988090933704
"54",56.7698333582998
"55",24.7438403942167
"56",34.9159449534566
"57",79.8033382895918
"58",63.0119526731623
"59",59.1706353132396
"60",53.2403738653141
"61",40.1557840395872
"62",47.8853257008387
"63",71.8358238636988
"64",69.2224438195071
"65",84.2939094939343
"66",52.4997646980039
"67",54.8641685014893
"68",58.1920565621732
"69",56.4425384615583
"70",77.9858466787923
"71",42.5353048725863
"72",56.5746315911293
"73",48.3429949812093
"74",52.8083850966516
"75",53.9712460631262
"76",44.1493187980297
"77",54.8326645679378
"78",69.5777232896023
"79",34.3069777882795
"80",47.1337783369053
"81",26.1336224943466
"82",58.7316373006084
"83",48.5267443112025
"84",52.9397930663471
"85",54.0819139638304
"86",51.6146936780274
"87",49.5829584783477
"88",40.9548369467847
"89",117.84359864593
"90",29.1806751648733
"91",50.2667398784154
"92",48.4773439850472
"93",41.0741315702366
"94",0.147084429383107
"95",32.5654389121059
"96",56.5860456434489
"97",38.3764857026448
"98",8.56042601955604
"99",46.3126341368266
"100",53.4914734545213
"101",47.0798404769253
"102",76.284096007868
"103",86.4649714582516
"104",107.401361221014
"105",86.0967147794864
"106",117.62991921212
"107",117.354122646759
"108",118.674054571927
"109",85.1635511053136
"110",25.2652077122819
"111",55.2102297072751
"112",48.0852463253751
"113",74.5689492393456
"114",74.9871483880375
"115",74.8589920786262
"116",14.1689576465849
"117",25.1095935190715
"118",83.5303962266167
"119",93.6112104406485
"120",90.759645745546
"121",97.3875219070951
"122",127.592995910617
"123",162.717380768851
"124",118.78337420139
"125",68.049837997756
"126",17.8546856650959
"127",69.709947615334
"128",85.1643866272058
"129",89.0820848239357
"130",0.510349369490954
"131",104.395636241568
"132",105.159243932529
"133",131.576676318588
"134",42.4794028409469
"135",62.6263701491828
"136",98.3725900435733
"137",49.2843717993046
"138",43.4073322281146
"139",18.2883946453668
"140",82.0008579295822
"141",0.0715530354924416
"142",58.7819124729661
"143",87.1861989300561
"144",9.3653171846719
"145",44.9989632457946
"146",45.4863121358013
"147",40.2028601426761
"148",25.6318709576678
"149",56.728965744388
"150",34.2986550632646
"151",24.605547996356
"152",0.326994038551623
"153",59.7165862318023
"154",52.4353891541578
"155",48.3955671837355
"156",36.8523394795723
"157",60.4638355618699
"158",0.100768323124837
"159",43.319041975575
"160",35.8229471442174
"161",59.2772051809661
"162",23.1071907109667
"163",44.2316807752357
"164",43.1273400082086
"165",41.9882500674927
"166",50.9566258960767
"167",65.6474840902203
"168",88.129668312679
"169",68.0473119533559
"170",79.8759289722389
"171",44.461015709318
"172",66.0650211903016
"173",69.3034494050398
"174",24.1975843959313
"175",72.6119208833407
"176",90.452962738996
"177",0.457049189408162
"178",54.175905878129
"179",36.3015329090525
"180",51.1628547164056
"181",39.0735194139506
"182",73.3876204553096
"183",47.9021817180738
"184",97.8385244331698
"185",89.6082748762591
"186",90.5590851933919
"187",91.3729471031524
"188",67.8151426377092
"189",98.0926981733055
"190",93.4253851085518
"191",9.74190009251319
"192",49.9768431705856
"193",97.6961985842844
"194",94.8019476757738
"195",50.7101721575857
"196",6.08523776155213
"197",66.5100519904335
"198",112.37968505722
"199",103.210942612106
"200",87.5802618793343
"201",105.804108161397
"202",52.6966650082276
"203",52.0033553803503
"204",32.1173801754223
"205",109.298524380629
"206",89.9067300571368
"207",114.354822936998
"208",111.191620687342
"209",75.7654192722902
"210",10.6279718254091
"211",60.7976506661206
"212",10.5853543074948
"213",63.7354671012264
"214",67.7257742004536
"215",84.1416231937048
"216",2.46601435671962
"217",28.2188260212105
"218",85.4632933856394
"219",92.5893944105781
"220",110.862299131465
"221",23.195948302628
"222",37.6474969342417
"223",110.481340954081
"224",45.3846724973071
"225",52.6026589224056
"226",107.544397264337
"227",84.0944847176856
"228",66.5666530103584
"229",92.3416912714838
"230",74.1531672198211
"231",72.7387026009707
"232",83.0231966083714
"233",23.8999642926897
"234",94.9853930005603
"235",8.03883658570558
"236",96.9526189186865
"237",21.2784705699921
"238",34.1613080351365
"239",68.8269357818333
"240",69.5158793180303
"241",91.1269977673517
"242",76.2356827553303
"243",56.5354518426852
"244",105.400832655484
"245",63.5017454044355
"246",11.6369367401127
"247",87.0576556897111
"248",91.9508877192019
"249",24.4633098233412
"250",82.9311018004499
"251",104.011939705629
"252",88.4555519592159
"253",105.43940541692
"254",80.1462845585489
"255",61.568706027244
"256",7.26512187504676
"257",32.4648529696599
"258",94.0208493057541
"259",69.8143558659572
"260",69.183646661886
"261",62.6898842211688
"262",1.48445330786599
"263",74.5764173025675
"264",76.9431054846942
"265",68.1172396919011
"266",14.8807034482193
"267",79.9669492689233
"268",18.8241846557913
"269",58.7128971452521
"270",74.6654853947215
"271",75.9851364767369
"272",79.8687963665897
"273",44.5548363170699
"274",72.5676527387094
"275",104.74363687031
"276",74.8749667496128
"277",99.3862524523477
"278",90.417060836365
"279",112.048858083136
"280",105.174621068518
"281",60.9036122253389
"282",79.4242298816172
"283",83.1883173123011
"284",107.547500702588
"285",95.9661914893482
"286",101.254682851235
"287",99.4602149266078
"288",117.351122856707
"289",104.309877452602
"290",90.1680110060081
"291",45.7535848083312
"292",106.08367068668
"293",55.4081335436764
"294",121.460827758969
"295",85.7744681763358
"296",26.9911999959858
"297",65.2787801847004
"298",35.6988952857518
"299",91.2455238733722
"300",92.2655899341896
"301",104.787101397371
"302",87.3056528106373
"303",80.0085026662856
"304",91.9987136398546
"305",89.4175088397962
"306",91.6936887013996
"307",106.103832269594
"308",101.370521475483
"309",83.8174234262095
"310",101.988051271334
"311",90.7305618757918
"312",99.8215200765092
"313",89.0882690037284
"314",88.4839123092787
"315",92.9734964805976
"316",99.2861460821315
"317",74.3117780369125
"318",74.1423113066639
"319",98.3258938000051
"320",91.2477769089188
"321",86.9610580609055
"322",88.1619399041666
"323",85.3142049407197
"324",82.4433155619288
"325",74.7701500380784
"326",97.3006721000321
"327",77.8487656496112
"328",97.3296888387366
"329",97.6356802002744
"330",108.689592538472
"331",109.305917164226
"332",79.7066230868586
"333",87.2419167563177
"334",75.9812999089178
"335",92.2415869618516
"336",93.2602603404955
"337",85.0511807511017
"338",83.8169368833285
"339",101.870090028769
"340",91.4982959001764
"341",110.774176654213
"342",63.8751475249745
"343",121.880589634051
"344",105.805537529278
"345",87.0077339333038
"346",99.860775246948
"347",100.518348843231
"348",77.3146141864507
"349",88.1769376423542
"350",90.1336936763517
"351",99.4800682314778
"352",88.4368513198331
"353",93.5887897208422
"354",114.452963668163
"355",76.098564560906
"356",96.4831511246014
"357",85.6049995403292
"358",94.3865147568897
"359",97.8461891258649
"360",103.942614651735
"361",89.2830939539956
"362",86.8049876110404
"363",73.2045924792871
"364",105.39434992542
"365",93.9592340482146
"366",94.2080471352069
"367",87.4792898756871
"368",99.3278500788798
"369",108.385649824919
"370",117.029853025418
"371",99.8718453522563
"372",88.5746282981189
"373",89.2773958327215
"374",94.2536347987155
"375",92.9518867331619
"376",103.786113712885
"377",119.271491996705
"378",103.995003576678
"379",80.4927321524272
"380",114.874526679371
"381",104.486125681002
"382",99.7714738963954
"383",95.5337094759443
"384",106.267220784636
"385",102.54381867173
"386",101.483472914874
"387",106.230540377338
"388",102.887081604134
"389",101.524163072731
"390",88.5086718609383
"391",96.7865975693194
"392",100.590164190098
"393",120.435357998766
"394",108.634517715771
"395",21.6767852993126
"396",105.366260247842
"397",121.189492633656
"398",128.670050632823
"399",111.956637623383
"400",133.40037555757
"401",111.139253307273
"402",104.144456781263
"403",117.260166609523
"404",112.01396478485
"405",101.00025788846
"406",107.003374528435
"407",113.340404206285
"408",106.234231099441
"409",103.221654998252
"410",120.596905935151
"411",110.0711437292
"412",104.013289956333
"413",126.96720018894
"414",136.443316877471
"415",117.916594124335
"416",105.270103608924
"417",97.7263775251536
"418",115.73130495794
"419",28.9636606467869
"420",15.0791433354579
"421",22.6599933699679
"422",37.8038773761253
"423",34.5673394360485
"424",17.7567793224962
"425",17.5551794257071
"426",19.3836928461316
"427",48.1316923760302
"428",0.738714308155226
"429",13.2316879465139
"430",NA
"431",2.1679608790028
"432",69.562003475988
"433",48.8959761057083
"434",65.4850637437942
"435",58.7280708645756
"436",77.2481780984168
"437",90.6165995552835
"438",59.3317277378739
"439",69.0640799881306
"440",84.260067229616
"441",63.5494818911973
"442",18.3657376025158
"443",47.2328068747585
"444",56.8850588706442
"445",56.8754045359557
"446",64.0187349559092
"447",82.2755309039868
"448",38.144485060411
"449",48.9702203676581
"450",12.6905201426451
"451",62.3297445094999
"452",72.909365338014
"453",88.4784313601152
"454",78.4926961984313
"455",12.684316335742
"456",52.3061937760086
"457",67.5345877186102
"458",6.18925548337016
"459",39.6327136687238
"460",68.8956334887619
"461",58.7152919403125
"462",85.1110634080177
"463",62.2699502599388
"464",62.0173677740007
"465",38.645940911127
"466",51.5389965882028
"467",29.7006031497774
"468",67.5120984547803
"469",62.5555516803831
"470",66.0355807061691
"471",70.7102728757289
"472",51.9944340652893
"473",59.7697268854246
"474",71.7758460079216
"475",62.2513023309001
"476",75.2533571616895
"477",76.8763944076447
"478",87.0013383099804
"479",72.3416781265682
"480",65.2799093580353
"481",69.9193122834667
"482",65.6691252331104
"483",74.2336507769078
"484",69.0498658635066
"485",44.2841446898548
"486",78.2883172324388
"487",87.4337200931139
"488",79.3810041585782
"489",72.6299391061638
"490",73.8978903626997
"491",86.7127623374244
"492",101.259259197949
"493",78.8841051489655
"494",84.701352872243
"495",88.7450039412266
"496",84.0552786522161
"497",83.388112965123
"498",91.5264250281
"499",106.044180286791
"500",86.8595542118996
"501",96.8476869974033
"502",94.9494963393275
"503",83.0683144515725
"504",77.1691573532246
"505",80.3504845956686
"506",2.74333259619277
"507",87.1261788531563
"508",72.6628708163974
"509",91.5509339835075
"510",88.2218171100617
"511",81.8960478411947
"512",98.8694932135429
"513",19.6126697433176
"514",83.1416283990298
"515",97.1477840961857
"516",65.1542761329735
"517",35.2099826522227
"518",103.179792974353
"519",93.3752753174075
"520",82.4290784092536
"521",87.8388798484189
"522",97.9935358391813
"523",54.8594735003276
"524",105.162657307779
"525",29.6805453013653
"526",79.7284845327565
"527",55.3001807195188
"528",71.4871688846556
"529",108.612695973542
"530",98.5344836965651
"531",101.849709883444
"532",92.3719218337686
"533",117.482612574563
"534",98.645036934199
"535",91.5957555534485
"536",74.1214284607929
"537",66.4329155339628
"538",79.4312770619266
"539",90.7887106819977
"540",50.2857786655956
"541",54.4364209792947
"542",39.1775319773851
"543",93.9322332452359
"544",78.8534054911405
"545",40.2870641404276
"546",83.1310729737788
"547",86.0559073373052
"548",43.0158073559998
"549",77.7399117629423
"550",90.5881072218816
"551",69.666678992298
"552",24.4948931258212
"553",128.931374631738
"554",117.963243050583
"555",93.35274597005
"556",147.316002917383
"557",144.873170103605
"558",137.885501183274
"559",140.193575206688
"560",128.830953206978
"561",75.818025273992
"562",69.180494193046
"563",157.276660202507
"564",153.788248559419
"565",119.817727181369
"566",111.817363463142
"567",59.6272224507405
"568",133.09325356722
"569",14.2909950496259
"570",159.49502153553
"571",170.951144541901
"572",NA
"573",102.821455489593
"574",138.438223894811
"575",109.708008511909
"576",123.795903514163
"577",131.38997173338
"578",157.902508438038
"579",137.076978454812
"580",150.81991288527
"581",117.935945194721
"582",145.125694686312
"583",153.949423750824
"584",121.968497498243
"585",NA
"586",102.883631381842
"587",104.911157208672
"588",126.143350341772
"589",123.763250748705
"590",137.342377701709
"591",133.085184596685
"592",136.454659771661
"593",131.656784307518
"594",159.519811506107
"595",NA
"596",34.3996089410156
"597",153.566785162718
"598",59.8754814341303
"599",142.77065709511
"600",127.677759759496
"601",162.878330793688
"602",146.057915532897
"603",10.982759197938
"604",151.779093120072
"605",54.4641700636587
"606",121.848854144431
"607",140.365790768077
"608",137.471774213313
"609",127.46297948949
"610",152.783357189215
"611",28.9534860276687
"612",132.140432217275
"613",92.5057694017181
"614",111.807939405247
"615",0.502895678606975
"616",70.2210074538669
"617",91.730084318751
"618",100.05010880037
"619",118.753586712444
"620",153.430707842722
"621",142.04910117736
"622",151.563160397082
"623",114.618748607735
"624",97.2518749845952
"625",62.3124542419664
"626",102.737863166226
"627",120.664326391424
"628",46.7375839334992
"629",133.790360786878
"630",119.01810223206
"631",118.231534180556
"632",137.199252599527
"633",127.882569188242
"634",125.939529437039
"635",128.445990961781
"636",128.569263379137
"637",102.93459885083
"638",143.734740754983
"639",135.720574251257
"640",109.218267396412
"641",141.145214547986
"642",153.430707690303
"643",138.276445415203
"644",140.728077188808
"645",149.748247974147
"646",140.901549331904
"647",99.405730076214
"648",63.6906652449357
"649",139.293065672848
"650",134.25986374318
"651",100.551154189677
"652",119.204019527125
"653",138.289253455013
"654",131.768097334199
"655",144.391875841656
"656",147.871390317442
"657",126.988742243051
"658",128.5232138403
"659",124.518142393018
"660",121.595548097792
"661",151.656261503058
"662",130.82314992097
"663",144.532382564682
"664",125.093970964904
"665",102.952120802312
"666",99.7455754221718
"667",133.507370903389
"668",128.214676359599
"669",59.9630435489591
"670",40.9098829632724
"671",11.4808550054429
"672",50.6963385602134
"673",44.3248775792082
"674",NA
"675",56.9985651652898
"676",55.6245665924007
"677",NA
"678",51.5615283130843
"679",49.7722943405822
"680",3.37293865127163
"681",NA
"682",44.2277306348295
"683",40.9060599073248
"684",37.0958747043473
"685",47.5133837177196
"686",29.7671759664272
"687",44.7528820351623
"688",42.2261065864788
"689",NA
"690",NA
"691",NA
"692",66.7373959189856
"693",52.0546051053014
"694",39.4842985327373
"695",53.2436021922937
"696",55.0132814444724
"697",52.9692118292828
"698",47.7309864537355
"699",51.8560957215653
"700",43.9533066184307
"701",48.4049703619132
"702",55.5239110589063
"703",45.5094822788384
"704",57.5789219770834
"705",54.8874249262176
"706",64.2800718720506
"707",64.5904291885123
"708",50.5456409808002
"709",19.6448569282601
"710",28.7021510700739
"711",28.3056227992454
"712",60.0856356755542
"713",44.951103656345
"714",50.430983794564
"715",53.2653690283439
"716",40.6671009593312
"717",31.7517452922824
"718",46.2135374895809
"719",56.2938757850332
"720",49.9322639620441
"721",51.9515647209401
"722",50.2843640340495
"723",44.4417023816235
"724",56.3783755835703
"725",47.702516492488
"726",42.4283982021589
"727",46.306108883277
"728",55.957315676926
"729",41.0124813220725
"730",62.1122535640337
"731",53.8303217640499
"732",55.6377028992215
"733",51.369789993779
"734",50.0069179372283
"735",45.6320457031947
"736",52.2481258722236
"737",56.6575027367357
"738",52.7970076691345
"739",53.582195360372
"740",47.254510844831
"741",52.785703907159
"742",43.2547079314756
"743",53.3891108048382
"744",46.9808321111674
"745",51.8517418809287
"746",52.5087606566701
"747",53.1623447450784
"748",51.9555235897237
"749",43.1646394522753
"750",51.4395033300796
"751",53.5771869575126
"752",39.7422449298303
"753",53.1419415165897
"754",46.2129036860501
"755",50.3341681868694
"756",49.9578525698876
"757",32.8310471567632
"758",46.1874076811426
"759",47.840488493696
"760",43.6657815609216
"761",53.0929274581911
"762",53.1993340766521
"763",56.9817071430323
"764",49.616962269692
"765",55.6665949646189
"766",50.8187249036056
"767",50.786287298838
"768",55.7975769426738
"769",46.5534894295313
"770",43.1019890076508
"771",46.9409256953438
"772",55.2656003348619
"773",46.2621391951194
"774",52.8375840176964
"775",39.5881560295933
"776",47.7422384114715
"777",59.6869916401862
"778",NA
"779",22.6102927492207
"780",59.7822222400633
"781",53.0438660302401
"782",38.8540678989854
"783",63.1539406157452
"784",34.0138288753875
"785",60.9876078498509
"786",65.1617289161003
"787",34.6217896882581
"788",68.9207545694306
"789",61.3524677381034
"790",56.8582983711904
"791",45.0509818786382
"792",72.1113250693945
"793",57.9952760240213
"794",79.8367397417891
"795",56.6200892904236
"796",56.2524948926532
"797",53.2409413220041
"798",48.1939873196132
"799",67.9499521553424
"800",71.4272123856134
"801",70.0668752669218
"802",58.2248169969686
"803",68.9363416471765
"804",58.4417942111761
"805",51.622610360059
"806",70.607739039809
"807",21.7291120198221
"808",12.7123094077201
"809",67.6254521428725
"810",58.4477722942695
"811",57.7096369091402
"812",40.3019026331208
"813",41.0701298201397
"814",74.6501033602016
"815",55.6985123889429
"816",71.8335983852158
"817",67.527762946908
"818",62.3761689286999
"819",60.1536151421909
"820",9.94822058389
"821",14.476602466659
"822",49.4292105364992
"823",77.2699920411695
"824",NA
"825",NA
"826",97.8466176693758
"827",92.7992761452274
"828",43.3700055649375
"829",73.7735500279071
"830",84.7320548191736
"831",62.8420190899944
"832",31.1073590921194
"833",65.0467396592743
"834",71.7610666184538
"835",71.7427079451819
"836",32.1787201919335
"837",64.9241718897543
"838",70.7042001468603
"839",84.4619278285188
"840",71.4561958797006
"841",77.3338418291263
"842",80.353087968498
"843",82.4574960004753
"844",71.69447463785
"845",84.4740991157481
"846",86.5932154150736
"847",35.8656187621514
"848",69.9828525953772
"849",67.9183129829956
"850",77.8082554883719
"851",83.1909240640513
"852",97.5213996683436
"853",103.622379673721
"854",107.35967200772
"855",89.9254551714053
"856",78.3989327216519
"857",117.833384558616
"858",106.511592427524
"859",92.9010791753925
"860",89.9351229600819
"861",77.1949717630731
"862",52.3337384936925
"863",72.3195694461244
"864",0.0120788372490621
"865",91.1895046071707
"866",57.9457206433593
"867",71.941104175836
"868",91.4273907584801
"869",77.9237518660083
"870",102.683815189782
"871",49.8377064354717
"872",94.0638034292665
"873",106.033245609072
"874",113.399540842615
"875",103.926530190602
"876",94.8597312993197
"877",0.104804143786967
"878",24.0242364884894
"879",120.551596678288
"880",NA
"881",80.3543523772298
"882",66.6322815776986
"883",118.605706465064
"884",16.3736177579122
"885",43.4772303379673
"886",27.7467856641685
"887",80.5900050868946
"888",106.493064063511
"889",112.08314272046
"890",0.289977614743932
"891",118.216898698445
"892",87.3563363030752
"893",1.22783904875121
"894",66.2463565202614
"895",0.307540863025586
"896",82.5797280200645
"897",100.765037279345
"898",119.169267051812
"899",110.731812841355
"900",93.8024733275477
"901",101.412519025264
"902",83.2805644737441
"903",6.95131794268841
"904",110.104703147818
"905",102.411409544138
"906",110.766277237028
"907",86.3141689369641
"908",94.7782061315916
"909",105.805308108143
"910",NA
"911",111.16349729281
"912",54.8904773457857
"913",90.4895981881447
"914",1.15792313355615
"915",10.6235621620371
"916",90.0404486071883
"917",113.9723215781
"918",85.3171923416118
"919",NA
"920",103.643922988833
"921",112.01696707177
"922",141.383447596067
"923",158.976355765296
"924",82.791560312751
"925",129.871709199662
"926",141.392553388997
"927",159.688864888392
"928",186.190876612033
"929",NA
"930",154.797637490215
"931",127.991816651387
"932",120.629236777587
"933",123.952206438433
"934",NA
"935",25.8155740552101
"936",144.230850033249
"937",72.189176387888
"938",144.052080664318
"939",NA
"940",142.042475376311
"941",151.641128789581
"942",4.38112688312076
"943",165.511778983138
"944",NA
"945",NA
"946",NA
"947",NA
"948",NA
"949",NA
"950",NA
"951",NA
"952",NA
"953",NA
"954",NA
"955",NA
"956",NA
"957",NA
"958",NA
"959",NA
"960",NA
"961",NA
"962",NA
"963",NA
"964",NA
"965",NA
"966",NA
"967",NA
"968",NA
"969",NA
"970",NA
"971",NA
"972",NA
"973",NA
"974",NA
"975",NA
"976",NA
"977",NA
"978",NA
"979",NA
"980",NA
"981",NA
"982",NA
"983",NA
"984",NA
"985",NA
"986",NA
"987",NA
"988",NA
"989",NA
"990",NA
"991",NA
"992",NA
"993",NA
"994",NA
"995",NA
"996",NA
"997",NA
"998",NA
"999",NA
"1000",NA
"1001",NA
"1002",NA
"1003",NA
"1004",NA
"1005",NA
"1006",NA
"1007",NA
"1008",NA
"1009",NA
"1010",NA
"1011",NA
"1012",NA
"1013",NA
"1014",NA
"1015",NA
"1016",NA
"1017",NA
"1018",NA
"1019",NA
"1020",NA
"1021",NA
"1022",NA
"1023",NA
"1024",NA
"1025",NA
"1026",NA
"1027",NA
"1028",NA
"1029",NA
"1030",NA
"1031",NA
"1032",NA
"1033",NA
"1034",NA
"1035",NA
"1036",NA
"1037",NA
"1038",NA
"1039",NA
"1040",NA
"1041",NA
"1042",NA
"1043",NA
"1044",NA
"1045",NA
"1046",NA
"1047",NA
"1048",NA
"1049",NA
"1050",NA
"1051",NA
"1052",NA
"1053",NA
"1054",NA
"1055",NA
"1056",NA
"1057",NA
"1058",NA
"1059",NA
"1060",NA
"1061",NA
"1062",NA
"1063",NA
"1064",NA
"1065",NA
"1066",NA
"1067",NA
"1068",NA
"1069",NA
"1070",NA
"1071",NA
"1072",NA
"1073",NA
"1074",NA
"1075",NA
"1076",NA
"1077",NA
"1078",NA
"1079",NA
"1080",NA
"1081",NA
"1082",NA
"1083",NA
"1084",NA
"1085",NA
"1086",NA
"1087",NA
"1088",NA
"1089",NA
"1090",NA
"1091",NA
"1092",NA
"1093",NA
"1094",NA
"1095",NA
"1096",NA
"1097",NA
"1098",NA
"1099",NA
"1100",NA
"1101",NA
"1102",NA
"1103",NA
"1104",NA
"1105",NA
"1106",NA
"1107",NA
"1108",NA
"1109",NA
"1110",NA
"1111",NA
"1112",NA
"1113",NA
"1114",NA
"1115",NA
"1116",NA
"1117",NA
"1118",NA
"1119",NA
"1120",NA
"1121",NA
"1122",NA
"1123",NA
"1124",NA
"1125",NA
"1126",NA
"1127",NA
"1128",NA
"1129",NA
"1130",NA
"1131",NA
"1132",NA
"1133",NA
"1134",NA
"1135",NA
"1136",NA
"1137",NA
"1138",NA
"1139",NA
"1140",NA
"1141",NA
"1142",NA
"1143",NA
"1144",NA
"1145",NA
"1146",NA
"1147",NA
"1148",NA
"1149",NA
"1150",NA
"1151",NA
"1152",NA
"1153",NA
"1154",NA
"1155",NA
"1156",NA
"1157",NA
"1158",NA
"1159",NA
"1160",NA
"1161",NA
"1162",NA
"1163",NA
"1164",NA
"1165",NA
"1166",NA
"1167",NA
"1168",NA
"1169",NA
"1170",NA
"1171",NA
"1172",NA
"1173",NA
"1174",NA
"1175",NA
"1176",NA
"1177",NA
"1178",NA
"1179",NA
"1180",NA
"1181",NA
"1182",NA
"1183",NA
"1184",NA
"1185",NA
"1186",NA
"1187",NA
"1188",NA
"1189",NA
"1190",NA
"1191",NA
"1192",NA
"1193",NA
"1194",NA
"1195",NA
"1196",NA
"1197",NA
"1198",NA
"1199",NA
"1200",NA
"1201",NA
"1202",NA
"1203",NA
"1204",NA
"1205",NA
"1206",NA
"1207",NA
"1208",NA
"1209",NA
"1210",NA
"1211",NA
"1212",NA
"1213",NA
"1214",NA
"1215",NA
"1216",NA
"1217",NA
"1218",NA
"1219",NA
"1220",NA
"1221",NA
"1222",NA
"1223",NA
"1224",NA
"1225",NA
"1226",NA
"1227",NA
"1228",NA
"1229",NA
"1230",NA
"1231",NA
"1232",NA
"1233",NA
"1234",NA
"1235",NA
"1236",NA
"1237",NA
"1238",NA
"1239",NA
"1240",NA
"1241",NA
"1242",NA
"1243",NA
"1244",NA
"1245",NA
"1246",NA
"1247",NA
"1248",NA
"1249",NA
"1250",NA
"1251",NA
"1252",NA
"1253",NA
"1254",NA
"1255",NA
"1256",NA
"1257",NA
"1258",NA
"1259",NA
"1260",NA
"1261",NA
"1262",NA
"1263",NA
"1264",NA
"1265",NA
"1266",NA
"1267",NA
"1268",NA
"1269",NA
"1270",NA
"1271",NA
"1272",NA
"1273",NA
"1274",NA
"1275",NA
"1276",NA
"1277",NA
"1278",NA
"1279",NA
"1280",NA
"1281",NA
"1282",NA
"1283",NA
"1284",NA
"1285",NA
"1286",NA
"1287",NA
"1288",NA
"1289",NA
"1290",NA
"1291",NA
"1292",NA
"1293",NA
"1294",NA
"1295",NA
"1296",NA
"1297",NA
"1298",NA
"1299",NA
"1300",NA
"1301",NA
"1302",NA
"1303",NA
"1304",NA
"1305",NA
"1306",NA
"1307",NA
"1308",NA
"1309",NA
"1310",NA
"1311",NA
"1312",NA
"1313",NA
"1314",NA
"1315",NA
"1316",NA
"1317",NA
"1318",NA
"1319",NA
"1320",NA
"1321",NA
"1322",NA
"1323",NA
"1324",NA
"1325",NA
"1326",NA
"1327",NA
"1328",NA
"1329",NA
"1330",NA
"1331",NA
"1332",NA
"1333",NA
"1334",NA
"1335",NA
"1336",NA
"1337",NA
"1338",NA
"1339",NA
"1340",NA
"1341",NA
"1342",NA
"1343",NA
"1344",NA
"1345",NA
"1346",NA
"1347",NA
"1348",NA
"1349",NA
"1350",NA
"1351",NA
"1352",NA
"1353",NA
"1354",NA
"1355",NA
"1356",NA
"1357",NA
"1358",NA
"1359",NA
"1360",NA
"1361",NA
"1362",NA
"1363",NA
"1364",NA
"1365",NA
"1366",NA
"1367",NA
"1368",NA
"1369",NA
"1370",NA
"1371",NA
"1372",NA
"1373",NA
"1374",NA
"1375",NA
"1376",NA
"1377",NA
"1378",NA
"1379",NA
"1380",NA
"1381",NA
"1382",NA
"1383",NA
"1384",NA
"1385",NA
"1386",NA
"1387",NA
"1388",NA
"1389",NA
"1390",NA
"1391",NA
"1392",NA
"1393",NA
"1394",NA
"1395",NA
"1396",NA
"1397",NA
"1398",NA
"1399",NA
"1400",NA
"1401",NA
"1402",NA
"1403",NA
"1404",NA
"1405",NA
"1406",NA
"1407",NA
"1408",NA
"1409",NA
"1410",NA
"1411",NA
"1412",NA
"1413",NA
"1414",NA
"1415",NA
"1416",NA
"1417",NA
"1418",NA
"1419",NA
"1420",NA
"1421",NA
"1422",NA
"1423",NA
"1424",NA
"1425",NA
"1426",NA
"1427",NA
"1428",NA
"1429",NA
"1430",NA
"1431",NA
"1432",NA
"1433",NA
"1434",NA
"1435",NA
"1436",NA
"1437",NA
"1438",NA
"1439",NA
"1440",NA
"1441",NA
"1442",NA
"1443",NA
"1444",NA
"1445",NA
"1446",NA
"1447",NA
"1448",NA
"1449",NA
"1450",NA
"1451",NA
"1452",NA
"1453",NA
"1454",NA
"1455",NA
"1456",NA
"1457",NA
"1458",NA
"1459",NA
"1460",NA
"1461",NA
"1462",NA
"1463",NA
"1464",NA
"1465",NA
"1466",NA
"1467",NA
"1468",NA
"1469",NA
"1470",NA
"1471",NA
"1472",NA
"1473",NA
"1474",NA
"1475",NA
"1476",NA
"1477",NA
"1478",NA
"1479",NA
"1480",NA
"1481",NA
"1482",NA
"1483",NA
"1484",NA
"1485",NA
"1486",NA
"1487",NA
"1488",NA
"1489",NA
"1490",NA
"1491",NA
"1492",NA
"1493",NA
"1494",NA
"1495",NA
"1496",NA
"1497",NA
"1498",NA
"1499",NA
"1500",NA
"1501",NA
"1502",NA
"1503",NA
"1504",NA
"1505",NA
"1506",NA
"1507",NA
"1508",NA
"1509",NA
"1510",NA
"1511",NA
"1512",NA
"1513",NA
"1514",NA
"1515",NA
"1516",NA
"1517",NA
"1518",NA
"1519",NA
"1520",NA
"1521",NA
"1522",NA
"1523",NA
"1524",NA
"1525",NA
"1526",NA
"1527",NA
"1528",NA
"1529",NA
"1530",NA
"1531",NA
"1532",NA
"1533",NA
"1534",NA
"1535",NA
"1536",NA
"1537",NA
"1538",NA
"1539",NA
"1540",NA
"1541",NA
"1542",NA
"1543",NA
"1544",NA
"1545",NA
"1546",NA
"1547",NA
"1548",NA
"1549",NA
"1550",NA
"1551",NA
"1552",NA
"1553",NA
"1554",NA
"1555",NA
"1556",NA
"1557",NA
"1558",NA
"1559",NA
"1560",NA
"1561",NA
"1562",NA
"1563",NA
"1564",NA
"1565",NA
"1566",NA
"1567",NA
"1568",NA
"1569",NA
"1570",NA
"1571",NA
"1572",NA
"1573",NA
"1574",NA
"1575",NA
"1576",NA
"1577",NA
"1578",NA
"1579",NA
"1580",NA
"1581",NA
"1582",NA
"1583",NA
"1584",NA
"1585",NA
"1586",NA
"1587",NA
"1588",NA
"1589",NA
"1590",NA
"1591",NA
"1592",NA
"1593",NA
"1594",NA
"1595",NA
"1596",NA
"1597",NA
"1598",NA
"1599",NA
"1600",NA
"1601",NA
"1602",NA
"1603",NA
"1604",NA
"1605",NA
"1606",NA
"1607",NA
"1608",NA
"1609",NA
"1610",NA
"1611",NA
"1612",NA
"1613",NA
"1614",NA
"1615",NA
"1616",NA
"1617",NA
"1618",NA
"1619",NA
"1620",NA
"1621",NA
"1622",NA
"1623",NA
"1624",NA
"1625",NA
"1626",NA
"1627",NA
"1628",NA
"1629",NA
"1630",NA
"1631",NA
"1632",NA
"1633",NA
"1634",NA
"1635",NA
"1636",NA
"1637",NA
"1638",NA
"1639",NA
"1640",NA
"1641",NA
"1642",NA
"1643",NA
"1644",NA
"1645",NA
"1646",NA
"1647",NA
"1648",NA
"1649",NA
"1650",NA
"1651",NA
"1652",NA
"1653",NA
"1654",NA
"1655",NA
"1656",NA
"1657",NA
"1658",NA
"1659",NA
"1660",NA
"1661",NA
"1662",NA
"1663",NA
"1664",NA
"1665",NA
"1666",NA
"1667",NA
"1668",NA
"1669",NA
"1670",NA
"1671",NA
"1672",NA
"1673",NA
"1674",NA
"1675",NA
"1676",NA
"1677",NA
"1678",NA
"1679",NA
"1680",NA
"1681",NA
"1682",NA
"1683",NA
"1684",NA
"1685",NA
"1686",NA
"1687",NA
"1688",NA
"1689",NA
"1690",NA
"1691",NA
"1692",NA
"1693",NA
"1694",NA
"1695",NA
"1696",NA
"1697",NA
"1698",NA
"1699",NA
"1700",NA
"1701",NA
"1702",NA
"1703",NA
"1704",NA
"1705",NA
"1706",NA
"1707",NA
"1708",NA
"1709",NA
"1710",NA
"1711",NA
"1712",NA
"1713",NA
"1714",NA
"1715",NA
"1716",NA
"1717",NA
"1718",NA
"1719",NA
"1720",NA
"1721",NA
"1722",NA
"1723",NA
"1724",NA
"1725",NA
"1726",NA
"1727",NA
"1728",NA
"1729",NA
"1730",NA
"1731",NA
"1732",NA
"1733",NA
"1734",NA
"1735",NA
"1736",NA
"1737",NA
"1738",NA
"1739",NA
"1740",NA
"1741",NA
"1742",NA
"1743",NA
"1744",NA
"1745",NA
"1746",NA
"1747",NA
"1748",NA
"1749",NA
"1750",NA
"1751",NA
"1752",NA
"1753",NA
"1754",NA
"1755",NA
"1756",NA
"1757",NA
"1758",NA
"1759",NA
"1760",NA
"1761",NA
"1762",NA
"1763",NA
"1764",NA
"1765",NA
"1766",NA
"1767",NA
"1768",NA
"1769",NA
"1770",NA
"1771",NA
"1772",NA
"1773",NA
"1774",NA
"1775",NA
"1776",NA
"1777",NA
"1778",NA
"1779",NA
"1780",NA
"1781",NA
"1782",NA
"1783",NA
"1784",NA
"1785",NA
"1786",NA
"1787",NA
"1788",NA
"1789",NA
"1790",NA
"1791",NA
"1792",NA
"1793",NA
"1794",NA
"1795",NA
"1796",NA
"1797",NA
"1798",NA
"1799",NA
"1800",NA
"1801",NA
"1802",NA
"1803",NA
"1804",NA
"1805",NA
"1806",NA
"1807",NA
"1808",NA
"1809",NA
"1810",NA
"1811",NA
"1812",NA
"1813",NA
"1814",NA
"1815",NA
"1816",NA
"1817",NA
"1818",NA
"1819",NA
"1820",NA
"1821",NA
"1822",NA
"1823",NA
"1824",NA
"1825",NA
"1826",NA
"1827",NA
"1828",NA
"1829",NA
"1830",NA
"1831",NA
"1832",NA
"1833",NA
"1834",NA
"1835",NA
"1836",NA
"1837",NA
"1838",NA
"1839",NA
"1840",NA
"1841",NA
"1842",NA
"1843",NA
"1844",NA
"1845",NA
"1846",NA
"1847",NA
"1848",NA
"1849",NA
"1850",NA
"1851",NA
"1852",NA
"1853",NA
"1854",NA
"1855",NA
"1856",NA
"1857",NA
"1858",NA
"1859",NA
"1860",NA
"1861",NA
"1862",NA
"1863",NA
"1864",NA
"1865",NA
"1866",NA
"1867",NA
"1868",NA
"1869",NA
"1870",NA
"1871",NA
"1872",NA
"1873",NA
"1874",NA
"1875",NA
"1876",NA
"1877",NA
"1878",NA
"1879",NA
"1880",NA
"1881",NA
"1882",NA
"1883",NA
"1884",NA
"1885",NA
"1886",NA
"1887",NA
"1888",NA
"1889",NA
"1890",NA
"1891",NA
"1892",NA
"1893",NA
"1894",NA
"1895",NA
"1896",NA
"1897",NA
"1898",NA
"1899",NA
"1900",NA
"1901",NA
"1902",NA
"1903",NA
"1904",NA
"1905",NA
"1906",NA
"1907",NA
"1908",NA
"1909",NA
"1910",NA
"1911",NA
"1912",NA
"1913",NA
"1914",NA
"1915",NA
"1916",NA
"1917",NA
"1918",NA
"1919",NA
"1920",NA
"1921",NA
"1922",NA
"1923",NA
"1924",NA
"1925",NA
"1926",NA
"1927",NA
"1928",NA
"1929",NA
"1930",NA
"1931",NA
"1932",NA
"1933",NA
"1934",NA
"1935",NA
"1936",NA
"1937",NA
"1938",NA
"1939",NA
"1940",NA
"1941",NA
"1942",NA
"1943",NA
"1944",NA
"1945",NA
"1946",NA
"1947",NA
"1948",NA
"1949",NA
"1950",NA
"1951",NA
"1952",NA
"1953",NA
"1954",NA
"1955",NA
"1956",NA
"1957",NA
"1958",NA
"1959",NA
"1960",NA
"1961",NA
"1962",NA
"1963",NA
"1964",NA
"1965",NA
"1966",NA
"1967",NA
"1968",NA
"1969",NA
"1970",NA
"1971",NA
"1972",NA
"1973",NA
"1974",NA
"1975",NA
"1976",NA
"1977",NA
"1978",NA
"1979",NA
"1980",NA
"1981",NA
"1982",NA
"1983",NA
"1984",NA
"1985",NA
"1986",NA
"1987",NA
"1988",NA
"1989",NA
"1990",NA
"1991",NA
"1992",NA
"1993",NA
"1994",NA
"1995",NA
"1996",NA
"1997",NA
"1998",NA
"1999",NA
"2000",NA
"2001",NA
"2002",NA
"2003",NA
"2004",NA
"2005",NA
"2006",NA
"2007",NA
"2008",NA
"2009",NA
"2010",NA
"2011",NA
"2012",NA
"2013",NA
"2014",NA
"2015",NA
"2016",NA
"2017",NA
"2018",NA
"2019",NA
"2020",NA
"2021",NA
"2022",NA
"2023",NA
"2024",NA
"2025",NA
"2026",NA
"2027",NA
"2028",NA
"2029",NA
"2030",NA
"2031",NA
"2032",NA
"2033",NA
"2034",NA
"2035",NA
"2036",NA
"2037",NA
"2038",NA
"2039",NA
"2040",NA
"2041",NA
"2042",NA
"2043",NA
"2044",NA
"2045",NA
"2046",NA
"2047",NA
"2048",NA
"2049",NA
"2050",NA
"2051",NA
"2052",NA
"2053",NA
"2054",NA
"2055",NA
"2056",NA
"2057",NA
"2058",NA
"2059",NA
"2060",NA
"2061",NA
"2062",NA
"2063",NA
"2064",NA
"2065",NA
"2066",NA
"2067",NA
"2068",NA
"2069",NA
"2070",NA
"2071",NA
"2072",NA
"2073",NA
"2074",NA
"2075",NA
"2076",NA
"2077",NA
"2078",NA
"2079",NA
"2080",NA
"2081",NA
"2082",NA
"2083",NA
"2084",NA
"2085",NA
"2086",NA
"2087",NA
"2088",NA
"2089",NA
"2090",NA
"2091",NA
"2092",NA
"2093",NA
"2094",NA
"2095",NA
"2096",NA
"2097",NA
"2098",NA
"2099",NA
"2100",NA
"2101",NA
"2102",NA
"2103",NA
"2104",NA
"2105",NA
"2106",NA
"2107",NA
"2108",NA
"2109",NA
"2110",NA
"2111",NA
"2112",NA
"2113",NA
"2114",NA
"2115",NA
"2116",NA
"2117",NA
"2118",NA
"2119",NA
"2120",NA
"2121",NA
"2122",NA
"2123",NA
"2124",NA
"2125",NA
"2126",NA
"2127",NA
"2128",NA
"2129",NA
"2130",NA
"2131",NA
"2132",NA
"2133",NA
"2134",NA
"2135",NA
"2136",NA
"2137",NA
"2138",NA
"2139",NA
"2140",NA
"2141",NA
"2142",NA
"2143",NA
"2144",NA
"2145",NA
"2146",NA
"2147",NA
"2148",NA
"2149",NA
"2150",NA
"2151",NA
"2152",NA
"2153",NA
"2154",NA
"2155",NA
"2156",NA
"2157",NA
"2158",NA
"2159",NA
"2160",NA
"2161",NA
"2162",NA
"2163",NA
"2164",NA
"2165",NA
"2166",NA
"2167",NA
"2168",NA
"2169",NA
"2170",NA
"2171",NA
"2172",NA
"2173",NA
"2174",NA
"2175",NA
"2176",NA
"2177",NA
"2178",NA
"2179",NA
"2180",NA
"2181",NA
"2182",NA
"2183",NA
"2184",NA
"2185",NA
"2186",NA
"2187",NA
"2188",NA
"2189",NA
"2190",NA
"2191",NA
"2192",NA
"2193",NA
"2194",NA
"2195",NA
"2196",NA
"2197",NA
"2198",NA
"2199",NA
"2200",NA
"2201",NA
"2202",NA
"2203",NA
"2204",NA
"2205",NA
"2206",NA
"2207",NA
"2208",NA
"2209",NA
"2210",NA
"2211",NA
"2212",NA
"2213",NA
"2214",NA
"2215",NA
"2216",NA
"2217",NA
"2218",NA
"2219",NA
"2220",NA
"2221",NA
"2222",NA
"2223",NA
"2224",NA
"2225",NA
"2226",NA
"2227",NA
"2228",NA
"2229",NA
"2230",NA
"2231",NA
"2232",NA
"2233",NA
"2234",NA
"2235",NA
"2236",NA
"2237",NA
"2238",NA
"2239",NA
"2240",NA
"2241",NA
"2242",NA
"2243",NA
"2244",NA
"2245",NA
"2246",NA
"2247",NA
"2248",NA
"2249",NA
"2250",NA
"2251",NA
"2252",NA
"2253",NA
"2254",NA
"2255",NA
"2256",NA
"2257",NA
"2258",NA
"2259",NA
"2260",NA
"2261",NA
"2262",NA
"2263",NA
"2264",NA
"2265",NA
"2266",NA
"2267",NA
"2268",NA
"2269",NA
"2270",NA
"2271",NA
"2272",NA
"2273",NA
"2274",NA
"2275",NA
"2276",NA
"2277",NA
"2278",NA
"2279",NA
"2280",NA
"2281",NA
"2282",NA
"2283",NA
"2284",NA
"2285",NA
"2286",NA
"2287",NA
"2288",NA
"2289",NA
"2290",NA
"2291",NA
"2292",NA
"2293",NA
"2294",NA
"2295",NA
"2296",NA
"2297",NA
"2298",NA
"2299",NA
"2300",NA
"2301",NA
"2302",NA
"2303",NA
"2304",NA
"2305",NA
"2306",NA
"2307",NA
"2308",NA
"2309",NA
"2310",NA
"2311",NA
"2312",NA
"2313",NA
"2314",NA
"2315",NA
"2316",NA
"2317",NA
"2318",NA
"2319",NA
"2320",NA
"2321",NA
"2322",NA
"2323",NA
"2324",NA
"2325",NA
"2326",NA
"2327",NA
"2328",NA
"2329",NA
"2330",NA
"2331",NA
"2332",NA
"2333",NA
"2334",NA
"2335",NA
"2336",NA
"2337",NA
"2338",NA
"2339",NA
"2340",NA
"2341",NA
"2342",NA
"2343",NA
"2344",NA
"2345",NA
"2346",NA
"2347",NA
"2348",NA
"2349",NA
"2350",NA
"2351",NA
"2352",NA
"2353",NA
"2354",NA
"2355",NA
"2356",NA
"2357",NA
"2358",NA
"2359",NA
"2360",NA
"2361",NA
"2362",NA
"2363",NA
"2364",NA
"2365",NA
"2366",NA
"2367",NA
"2368",NA
"2369",NA
"2370",NA
"2371",NA
"2372",NA
"2373",NA
"2374",NA
"2375",NA
"2376",NA
"2377",NA
"2378",NA
"2379",NA
"2380",NA
"2381",NA
"2382",NA
"2383",NA
"2384",NA
"2385",NA
